{
  "alpha_hat": 0.42373935869692253,
  "ci_low": 0.40078251929622577,
  "ci_high": 0.4470837905336657,
  "r2_linear": 0.9178243080889169,
  "r2_log": 0.9633299285041654,
  "n_boot": 5000,
  "seed": 42
}